insert into palarnia values ('roastery1', 'roaster1@localhost', 10000);
insert into palarnia values ('roastery2', 'roaster2@localhost', 15000);

insert into farma values ("Adado","Legu Trading PLC","Etiopia","Bule");
insert into farma values ("Adame Garbota Cooperative","Adame Gorbota","Etiopia","Wonago");
insert into farma values ("Addis Ketema","Selam Esayas","Etiopia", "Wonago");
insert into farma values ("Konga","Beyene Eshete","Etiopia","Yirgacheffe");
insert into farma values ("Cri Rukera AA","Kenya Coffee Research Institute","Etiopia","Kiambu");
insert into farma values ("Gelana Abaya Tore", "Masreshu Sima","Etiopia","Yirgacheffe");
insert into farma values ("Guji Jigesa Weysi","Testi Trading","Etiopia","Oromia");
insert into farma values ("Finca La Esperanza","Maria Pacas","Salwador","Chalchuapa");
insert into farma values ("Aquiares Estate","Juan Robelo","Costa Rica","Turrialba");
insert into farma values ("Tairora","Nichol Colbran", "Papua New Guinea", "Eastern Highlands");

insert into ziarna values (1,423.0,20.0,1700);
insert into ziarna values (2,533.0,23.5,2200);
insert into ziarna values (3,126.5,41.0,1800);
insert into ziarna values (4,478.0,29.5,1850);
insert into ziarna values (5,473.0,22.0,1900);
insert into ziarna values (6,512.5,31.0,1800);
insert into ziarna values (7,465.5,29.0,1750);
insert into ziarna values (8,398.0,36.5,1800);
insert into ziarna values (9,412.0,30.0,1850);
insert into ziarna values (10,455.5,27.0,2000);
insert into ziarna values (11,491.0,26.0,1900);
insert into ziarna values (12,432.0,28.5,1750);
insert into ziarna values (13,469.5,21.0,1900);
insert into ziarna values (14,473.5,24.0,2000);
insert into ziarna values (15,483.5,22.5,1900);
insert into ziarna values (16,522.5,39.0,1800);
insert into ziarna values (17,478.0,32.0,1750);
insert into ziarna values (18,490.5,35.5,1900);
insert into ziarna values (19,433.0,34.0,1850);
insert into ziarna values (20,428.0,44.0,1950);

insert into zbior values (1,"Adado",'2019-03-23');
insert into zbior values (2,"Adame Garbota Cooperative",'2019-04-01');
insert into zbior values (3,"Addis Ketema",'2019-05-01');
insert into zbior values (4,"Cri Rukera AA",'2019-04-12');
insert into zbior values (5,"Adame Garbota Cooperative",'2019-03-27');
insert into zbior values (6,"Guji Jigesa Weysi",'2019-04-20');
insert into zbior values (7,"Tairora",'2019-03-22');
insert into zbior values (8,"Aquiares Estate",'2019-04-11');
insert into zbior values (9,"Finca La Esperanza",'2019-04-15');
insert into zbior values (10,"Gelana Abaya Tore",'2019-03-29');
insert into zbior values (11,"Konga",'2019-04-10');
insert into zbior values (12,"Finca La Esperanza",'2019-05-03');
insert into zbior values (13,"Cri Rukera AA",'2019-04-17');
insert into zbior values (14,"Guji Jigesa Weysi",'2019-04-05');
insert into zbior values (15,"Gelana Abaya Tore",'2019-04-13');
insert into zbior values (16,"Cri Rukera AA",'2019-05-07');
insert into zbior values (17,"Tairora",'2019-04-06');
insert into zbior values (18,"Adado",'2019-04-25');
insert into zbior values (19,"Adame Garbota Cooperative",'2019-04-20');
insert into zbior values (20,"Guji Jigesa Weysi",'2019-05-09');

insert into palarnia values ("HAYB COFFEE", "Robert Borowski",12035.0);
insert into palarnia values ("Johan and Nystrom","Johan Damgaard",15028.0);
insert into palarnia values ("Hard Beans","Kasia Porada",11030.0);
insert into palarnia values ("Etno Cafe","Łukasz Mrowiński",13783.0);
insert into palarnia values ("LaCava","Artur Widera",12782.0);
insert into palarnia values ("Coffeelab","Tomasz Wagner",13004.0);
insert into palarnia values ("SIMPLo","Podeszwik Piotr",14072.0);
insert into palarnia values ("Five Elephant","Kris Schakman",16926.0);
insert into palarnia values ("The Barn","Ralf Ruller",15492.0);
insert into palarnia values ("La Cabra","Esben Piper",14821.0);

insert into wypalone values (1,12.0,"chemex","1",88,"brak","delikatne","duża","duża");
insert into wypalone values (2,23.0,"drip/aeropress","1",86,"nieregularny kształ ziaren","delikatne","duża","duża");
insert into wypalone values (3,18.0,"ekspres przelewowy","0",75,"nierówne wypalenie, ziarna z defektami","mocne","niska","duża");
insert into wypalone values (4,21.0,"ekspres ciśnieniowy","0",72,"ziarna z defektami, możliwy efekt ziemniaka","mocne","duża","niska");
insert into wypalone values (5,16.0,"drip/aeropress","1",84,"nieregularny kształt ziaren","delikatne","duża","duża");
insert into wypalone values (6,17.0,"ekspres przelewowy","0",79,"nierówne wypalenie","mocne","niska","niska");
insert into wypalone values (7,24.0,"ekspres ciśnieniowy","0",72,"ziarna z defektami","mocne","duża","niska");
insert into wypalone values (8,21.0,"ekspres ciśnieniowy","0",74,"możliwy efekt ziemniaka","mocne","duża","duża");
insert into wypalone values (9,15.0,"chemex","1",86,"brak","delikatne","duża","duża");
insert into wypalone values (10,17.0,"ekspres ciśnieniowy","0",79,"ziarna z defektami","mocne","niska","duża");

insert into palenie values (1,"LaCava",3,"jasne","washed",'2019-07-23');
insert into palenie values (2,"Hard Beans",2,'jasne','honey','2019-08-01');
insert into palenie values (3,"Coffeelab",5,'srednie','washed','2019-07-30');
insert into palenie values (4,"The Barn",3,'ciemne','natural','2019-07-20');
insert into palenie values (5,"SIMPLo",5,'jasne','washed','2019-09-02');
insert into palenie values (6,"LaCava",1,'srednie','honey','2019-08-20');
insert into palenie values (7,"Coffeelab",4,'ciemne','honey','2019-08-16');
insert into palenie values (8,"Coffeelab",10,'ciemne','washed','2019-08-08');
insert into palenie values (9,"HAYB COFFEE",10,'jasne','natural','2019-07-27');
insert into palenie values (10,"La Cabra",4,'ciemne','natural','2019-07-25');

insert into paczka values (1,3,0.25,35.50);
insert into paczka values (2,2,0.5,75.0);
insert into paczka values (3,7,0.25,31.50);
insert into paczka values (4,2,0.5,73.0);
insert into paczka values (5,6,1.0,119.0);
insert into paczka values (6,6,0.25,30.5);
insert into paczka values (7,3,0.25,41.0);
insert into paczka values (8,4,0.5,83.0);
insert into paczka values (9,7,0.5,61.0);
insert into paczka values (10,3,1,125.0);
