insert into palarnia values ('roastery1', 'roaster1@localhost', 10000);
insert into palarnia values ('roastery2', 'roaster2@localhost', 15000);

insert into farma values ("Adado","Legu Trading PLC","Etiopia","Bule");
insert into farma values ("Adame Garbota Cooperative","Adame Gorbota","Etiopia","Wonago");
insert into farma values ("Addis Ketema","Selam Esayas","Etiopia", "Wonago");
insert into farma values ("Konga","Beyene Eshete","Etiopia","Yirgacheffe");
insert into farma values ("Cri Rukera AA","Kenya Coffee Research Institute","Etiopia","Kiambu");
insert into farma values ("Gelana Abaya Tore", "Masreshu Sima","Etiopia","Yirgacheffe");
insert into farma values ("Guji Jigesa Weysi","Testi Trading","Etiopia","Oromia");
insert into farma values ("Finca La Esperanza","Maria Pacas","Salwador","Chalchuapa");
insert into farma values ("Aquiares Estate","Juan Robelo","Costa Rica","Turrialba");
insert into farma values ("Tairora","Nichol Colbran", "Papua New Guinea", "Eastern Highlands");

insert into ziarna values (1,423.0,20.0,1700);
insert into ziarna values (2,533.0,23.5,2200);
insert into ziarna values (3,126.5,41.0,1800);
insert into ziarna values (4,478.0,29.5,1850);
insert into ziarna values (5,473.0,22.0,1900);
insert into ziarna values (6,512.5,31.0,1800);
insert into ziarna values (7,465.5,29.0,1750);
insert into ziarna values (8,398.0,36.5,1800);
insert into ziarna values (9,412.0,30.0,1850);
insert into ziarna values (10,455.5,27.0,2000);
insert into ziarna values (11,491.0,26.0,1900);
insert into ziarna values (12,432.0,28.5,1750);
insert into ziarna values (13,469.5,21.0,1900);
insert into ziarna values (14,473.5,24.0,2000);
insert into ziarna values (15,483.5,22.5,1900);
insert into ziarna values (16,522.5,39.0,1800);
insert into ziarna values (17,478.0,32.0,1750);
insert into ziarna values (18,490.5,35.5,1900);
insert into ziarna values (19,433.0,34.0,1850);
insert into ziarna values (20,428.0,44.0,1950);

insert into zbior values ("Adado",1,'2019-03-23');
insert into zbior values ("Adame Garbota Cooperative",2,'2019-04-01');
insert into zbior values ("Addis Ketema",3,'2019-05-01');
insert into zbior values ("Cri Rukera AA",4,'2019-04-12');
insert into zbior values ("Adame Garbota Cooperative",5,'2019-03-27');
insert into zbior values ("Guji Jigesa Weysi",6,'2019-04-20');
insert into zbior values ("Tairora",7,'2019-03-22');
insert into zbior values ("Aquiares Estate",8,'2019-04-11');
insert into zbior values ("Finca La Esperanza",9,'2019-04-15');
insert into zbior values ("Gelana Abaya Tore",10,'2019-03-29');
insert into zbior values ("Konga",11,'2019-04-10');
insert into zbior values ("Finca La Esperanza",12,'2019-05-03');
insert into zbior values ("Cri Rukera AA",13,'2019-04-17');
insert into zbior values ("Guji Jigesa Weysi",14,'2019-04-05');
insert into zbior values ("Gelana Abaya Tore",15,'2019-04-13');
insert into zbior values ("Cri Rukera AA",16,'2019-05-07');
insert into zbior values ("Tairora",17,'2019-04-06');
insert into zbior values ("Adado",18,'2019-04-25');
insert into zbior values ("Adame Garbota Cooperative",19,'2019-04-20');
insert into zbior values ("Guji Jigesa Weysi",20,'2019-05-09');

insert into palarnia values ("HAYB COFFEE", "Robert Borowski",12035.0);
insert into palarnia values ("Johan and Nystrom","Johan Damgaard",15028.0);
insert into palarnia values ("Hard Beans","Kasia Porada",11030.0);
insert into palarnia values ("Etno Cafe","Łukasz Mrowiński",13783.0);
insert into palarnia values ("LaCava","Artur Widera",12782.0);
insert into palarnia values ("Coffeelab","Tomasz Wagner",13004.0);
insert into palarnia values ("SIMPLo","Podeszwik Piotr",14072.0);
insert into palarnia values ("Five Elephant","Kris Schakman",16926.0);
insert into palarnia values ("The Barn","Ralf Ruller",15492.0);
insert into palarnia values ("La Cabra","Esben Piper",14821.0);
